{
"lengthUnit": "mil",
"remark": ["fly_line"],
"components": {
	"fields": ["COMPONENT_NO", "COMPONENT_NAME", "LAYER", "X_COORDINATE", "Y_COORDINATE", "ANGLE"],
	"rows": [
		[1, "C1", "T", 55, -320, 270],
		[2, "C2", "T", 305, -185, 90],
		[3, "C3", "T", 315, -85, 0],
		[4, "C3", "T", 360, -155, 270],
		[5, "C4", "T", 390, -265, 90],
		[6, "C5", "T", 510, -430, 90],
		[7, "C6", "T", 610, -305, 0],
		[8, "C7", "T", 405, -85, 0],
		[9, "C8", "T", 665, -425, 90],
		[10, "C9", "T", 555, -490, 0],
		[11, "C10", "T", 555, -530.3503, 0],
		[12, "C11", "T", 650, -490, 0],
		[13, "C12", "T", 650, -528.8265, 0],
		[14, "C13", "T", 460, -585, 90],
		[15, "C14", "T", 490, -650, 0],
		[16, "C15", "T", 490, -690, 0],
		[17, "C16", "T", 475, -735, 0],
		[18, "C17", "T", 780, -565, 0],
		[19, "C18", "T", 780, -605, 0],
		[20, "C19", "T", 565, -735, 0],
		[21, "C20", "T", 580, -695, 0],
		[22, "CN1", "T", 145, -180, 180],
		[23, "CN3", "T", 650, -195, 180],
		[24, "D1", "T", 235, -425, 0],
		[25, "D2", "T", 235, -320, 0],
		[26, "D3", "T", 425, -460, 180],
		[27, "L1", "T", 775, -435, 90],
		[28, "R1", "T", 45, -445, 90],
		[29, "R2", "T", 85, -445, 90],
		[30, "R3", "T", 405, -365, 0],
		[31, "R3", "T", 460, -215, 0],
		[32, "R4", "T", 420, -405, 0],
		[33, "R5", "T", 600, -350, 0],
		[34, "R6", "T", 420, -180, 0],
		[35, "R7", "T", 420, -140, 0],
		[36, "R8", "T", 475, -100, 90],
		[37, "R9", "T", 475, -165, 270],
		[38, "R10", "T", 605, -390, 0],
		[39, "R11", "T", 605, -430, 0],
		[40, "R12", "T", 550, -410, 90],
		[41, "R13", "T", 505, -595, 90],
		[42, "R14", "T", 715, -585, 90],
		[43, "R15", "T", 660, -695, 0],
		[44, "R16", "T", 650, -735, 0],
		[45, "U1", "T", 505, -305, 180],
		[46, "U2", "T", 615, -615, 90],
		[47, "U2", "T", 1130, -515, 0],
		[48, "USB1", "T", 235, -610, 0],
		[49, "PAD1", "T", 109.015, -516.495, 0],
		[50, "PAD2", "T", 140.515, -516.495, 0],
		[51, "PAD3", "T", 166.105, -516.495, 0],
		[52, "PAD4", "T", 185.795, -516.495, 0],
		[53, "PAD5", "T", 205.475, -516.495, 0],
		[54, "PAD6", "T", 225.155, -516.495, 0],
		[55, "PAD7", "T", 244.845, -516.495, 0],
		[56, "PAD8", "T", 264.525, -516.495, 0],
		[57, "PAD9", "T", 284.215, -516.495, 0],
		[58, "PAD10", "T", 303.905, -516.495, 0],
		[59, "PAD11", "T", 329.495, -516.495, 0],
		[60, "PAD12", "T", 360.985, -516.495, 0],
		[61, "PAD13", "T", 64.725, -538.145, 0],
		[62, "PAD13", "B", 64.725, -538.145, 0],
		[63, "PAD14", "T", 405.275, -538.145, 0],
		[64, "PAD14", "B", 405.275, -538.145, 0],
		[65, "PAD15", "T", 64.725, -703.505, 0],
		[66, "PAD15", "B", 64.725, -703.505, 0],
		[67, "PAD16", "T", 405.275, -703.505, 0],
		[68, "PAD16", "B", 405.275, -703.505, 0],
		[69, "PAD17", "T", 148.3466, -425.3701, 0],
		[70, "PAD18", "T", 321.6534, -424.6299, 0],
		[71, "PAD19", "T", 148.3466, -320.3701, 0],
		[72, "PAD20", "T", 321.6534, -319.6299, 0],
		[73, "PAD21", "T", 45, -427.96, 0],
		[74, "PAD22", "T", 45, -462.04, 0],
		[75, "PAD23", "T", 85, -427.96, 0],
		[76, "PAD24", "T", 85, -462.04, 0],
		[77, "PAD25", "T", 55, -347.56, 0],
		[78, "PAD26", "T", 55, -292.44, 0],
		[79, "PAD27", "T", 169.605, -237.09, 0],
		[80, "PAD28", "T", 120.395, -237.09, 0],
		[81, "PAD29", "T", 242.435, -122.92, 0],
		[82, "PAD30", "T", 47.555, -122.92, 0],
		[83, "PAD31", "T", 305, -145.63, 0],
		[84, "PAD32", "T", 305, -224.37, 0],
		[85, "PAD33", "T", 336.46, -85, 0],
		[86, "PAD34", "T", 293.54, -85, 0],
		[87, "PAD35", "T", 390, -237.44, 0],
		[88, "PAD36", "T", 390, -292.56, 0],
		[89, "PAD37", "T", 360, -176.46, 0],
		[90, "PAD38", "T", 360, -133.54, 0],
		[91, "PAD39", "T", 532.555, -362.09, 0],
		[92, "PAD40", "T", 512.875, -362.09, 0],
		[93, "PAD41", "T", 463.665, -321.73, 0],
		[94, "PAD42", "T", 463.665, -288.27, 0],
		[95, "PAD43", "T", 473.505, -247.91, 0],
		[96, "PAD44", "T", 493.185, -247.91, 0],
		[97, "PAD45", "T", 512.875, -247.91, 0],
		[98, "PAD46", "T", 532.555, -247.91, 0],
		[99, "PAD47", "T", 542.405, -290.24, 0],
		[100, "PAD48", "T", 546.335, -319.76, 0],
		[101, "PAD49", "T", 422.04, -365, 0],
		[102, "PAD50", "T", 387.96, -365, 0],
		[103, "PAD51", "T", 477.04, -215, 0],
		[104, "PAD52", "T", 442.96, -215, 0],
		[105, "PAD53", "T", 437.04, -405, 0],
		[106, "PAD54", "T", 402.96, -405, 0],
		[107, "PAD55", "T", 510, -408.54, 0],
		[108, "PAD56", "T", 510, -451.46, 0],
		[109, "PAD57", "T", 617.04, -350, 0],
		[110, "PAD58", "T", 582.96, -350, 0],
		[111, "PAD59", "T", 631.46, -305, 0],
		[112, "PAD60", "T", 588.54, -305, 0],
		[113, "PAD61", "T", 775, -372.01, 0],
		[114, "PAD62", "T", 775, -497.99, 0],
		[115, "PAD63", "T", 437.04, -180, 0],
		[116, "PAD64", "T", 402.96, -180, 0],
		[117, "PAD65", "T", 437.04, -140, 0],
		[118, "PAD66", "T", 402.96, -140, 0],
		[119, "PAD67", "T", 426.46, -85, 0],
		[120, "PAD68", "T", 383.54, -85, 0],
		[121, "PAD69", "T", 475, -82.96, 0],
		[122, "PAD70", "T", 475, -117.04, 0],
		[123, "PAD71", "T", 475, -182.04, 0],
		[124, "PAD72", "T", 475, -147.96, 0],
		[125, "PAD73", "T", 665, -403.54, 0],
		[126, "PAD74", "T", 665, -446.46, 0],
		[127, "PAD75", "T", 576.46, -490, 0],
		[128, "PAD76", "T", 533.54, -490, 0],
		[129, "PAD77", "T", 576.46, -530.3503, 0],
		[130, "PAD78", "T", 533.54, -530.3503, 0],
		[131, "PAD79", "T", 671.46, -490, 0],
		[132, "PAD80", "T", 628.54, -490, 0],
		[133, "PAD81", "T", 671.46, -528.8265, 0],
		[134, "PAD82", "T", 628.54, -528.8265, 0],
		[135, "PAD83", "T", 587.96, -390, 0],
		[136, "PAD84", "T", 587.96, -430, 0],
		[137, "PAD85", "T", 550, -392.96, 0],
		[138, "PAD86", "T", 550, -427.04, 0],
		[139, "PAD87", "T", 673.86, -653.39, 0],
		[140, "PAD88", "T", 673.86, -627.79, 0],
		[141, "PAD89", "T", 673.86, -602.2, 0],
		[142, "PAD90", "T", 673.86, -576.61, 0],
		[143, "PAD91", "T", 556.14, -576.61, 0],
		[144, "PAD92", "T", 556.14, -602.2, 0],
		[145, "PAD93", "T", 556.14, -627.79, 0],
		[146, "PAD94", "T", 556.14, -653.39, 0],
		[147, "PAD95", "T", 615, -615, 0],
		[148, "PAD96", "T", 460, -563.54, 0],
		[149, "PAD97", "T", 460, -606.46, 0],
		[150, "PAD98", "T", 505, -577.96, 0],
		[151, "PAD99", "T", 505, -612.04, 0],
		[152, "PAD100", "T", 511.46, -650, 0],
		[153, "PAD101", "T", 468.54, -650, 0],
		[154, "PAD102", "T", 511.46, -690, 0],
		[155, "PAD103", "T", 468.54, -690, 0],
		[156, "PAD104", "T", 496.46, -735, 0],
		[157, "PAD105", "T", 453.54, -735, 0],
		[158, "PAD106", "T", 715, -567.96, 0],
		[159, "PAD107", "T", 715, -602.04, 0],
		[160, "PAD108", "T", 677.04, -695, 0],
		[161, "PAD109", "T", 642.96, -695, 0],
		[162, "PAD110", "T", 667.04, -735, 0],
		[163, "PAD111", "T", 632.96, -735, 0],
		[164, "PAD112", "T", 801.46, -565, 0],
		[165, "PAD113", "T", 758.54, -565, 0],
		[166, "PAD114", "T", 801.46, -605, 0],
		[167, "PAD115", "T", 758.54, -605, 0],
		[168, "PAD116", "T", 586.46, -735, 0],
		[169, "PAD117", "T", 543.54, -735, 0],
		[170, "PAD118", "T", 601.46, -695, 0],
		[171, "PAD119", "T", 558.54, -695, 0],
		[172, "PAD120", "T", 897.72, -357.52, 0],
		[173, "PAD121", "T", 897.72, -389.02, 0],
		[174, "PAD122", "T", 897.72, -420.51, 0],
		[175, "PAD123", "T", 897.72, -577.99, 0],
		[176, "PAD124", "T", 1255.98, -707.91, 0],
		[177, "PAD125", "T", 1362.28, -640.98, 0],
		[178, "PAD126", "T", 1362.28, -609.49, 0],
		[179, "PAD127", "T", 1318.98, -322.09, 0],
		[180, "PAD128", "T", 1287.48, -322.09, 0],
		[181, "PAD129", "T", 1255.98, -322.09, 0],
		[182, "PAD130", "T", 1224.49, -322.09, 0],
		[183, "PAD131", "T", 1192.99, -322.09, 0],
		[184, "PAD132", "T", 1161.5, -322.09, 0],
		[185, "PAD133", "T", 1130, -322.09, 0],
		[186, "PAD134", "T", 1098.5, -322.09, 0],
		[187, "PAD135", "T", 1067.01, -322.09, 0],
		[188, "PAD136", "T", 1035.51, -322.09, 0],
		[189, "PAD137", "T", 1004.02, -322.09, 0],
		[190, "PAD138", "T", 972.52, -322.09, 0],
		[191, "PAD139", "T", 941.02, -322.09, 0],
		[192, "PAD140", "T", 1364.25, -320.12, 0],
		[193, "PAD141", "T", 1364.25, -709.88, 0],
		[194, "PAD142", "T", 895.75, -709.88, 0],
		[195, "PAD143", "T", 895.75, -320.12, 0],
		[196, "PAD144", "T", 1052.24, -437.24, 0],
		[197, "PAD145", "T", 1207.75, -592.76, 0],
		[198, "PAD146", "T", 1130, -592.76, 0],
		[199, "PAD147", "T", 1052.24, -592.76, 0],
		[200, "PAD148", "T", 1052.24, -515, 0],
		[201, "PAD149", "T", 1130, -437.25, 0],
		[202, "PAD150", "T", 1207.75, -437.25, 0],
		[203, "PAD151", "T", 1207.75, -515, 0],
		[204, "PAD152", "T", 1130, -515, 0],
		[205, "PAD153", "T", 378.835, -460, 0],
		[206, "PAD154", "T", 471.165, -460, 0],
		[207, "PAD155", "T", 699.205, -257.005, 0],
		[208, "PAD156", "T", 649.995, -257.005, 0],
		[209, "PAD157", "T", 600.785, -257.005, 0],
		[210, "PAD158", "T", 772.045, -132.995, 0],
		[211, "PAD159", "T", 527.955, -132.995, 0]
	]
},
"pins": {
	"fields": ["PIN_NO", "PIN_NAME", "PIN_X", "PIN_Y", "LAYER", "PIN_TYPE", "NET_NAME", "NET_TYPE", "PAD_SHAPE", "PAD_SIZEX", "PAD_SIZEY", "HOLE_SIZE", "HOLE_LEN", "PAD_ANGLE"],
	"rows": [
		[1, "C1_1", 55, -292.44, "T", "SMD", "VIN-DC", "", "R", 31.496, 35.433, 0, 0, 270],
		[2, "C1_2", 55, -347.56, "T", "SMD", "GND", "GND", "R", 31.496, 35.433, 0, 0, 270],
		[3, "C2_1", 305, -224.37, "T", "SMD", "VIN-DC", "", "R", 55.512, 53.15, 0, 0, 90],
		[4, "C2_2", 305, -145.63, "T", "SMD", "GND", "GND", "R", 55.512, 53.15, 0, 0, 90],
		[5, "C3_1", 293.54, -85, "T", "SMD", "GND", "GND", "R", 31.106, 21.26, 0, 0, 0],
		[6, "C3_2", 336.46, -85, "T", "SMD", "VIN-DC", "", "R", 31.106, 21.26, 0, 0, 0],
		[7, "C3_1", 360, -133.54, "T", "SMD", "VIN-DC", "", "R", 31.106, 21.26, 0, 0, 270],
		[8, "C3_2", 360, -176.46, "T", "SMD", "GND", "GND", "R", 31.106, 21.26, 0, 0, 270],
		[9, "C4_1", 390, -292.56, "T", "SMD", "VIN-DC", "", "R", 31.496, 35.433, 0, 0, 90],
		[10, "C4_2", 390, -237.44, "T", "SMD", "GND", "GND", "R", 31.496, 35.433, 0, 0, 90],
		[11, "C5_1", 510, -451.46, "T", "SMD", "GND", "GND", "R", 31.106, 21.26, 0, 0, 90],
		[12, "C5_2", 510, -408.54, "T", "SMD", "VCC-M", "", "R", 31.106, 21.26, 0, 0, 90],
		[13, "C6_1", 588.54, -305, "T", "SMD", "SW", "", "R", 31.106, 21.26, 0, 0, 0],
		[14, "C6_2", 631.46, -305, "T", "SMD", "0", "", "R", 31.106, 21.26, 0, 0, 0],
		[15, "C7_1", 383.54, -85, "T", "SMD", "1", "", "R", 31.106, 21.26, 0, 0, 0],
		[16, "C7_2", 426.46, -85, "T", "SMD", "2", "", "R", 31.106, 21.26, 0, 0, 0],
		[17, "C8_1", 665, -446.46, "T", "SMD", "VOUT-5V", "", "R", 31.106, 21.26, 0, 0, 90],
		[18, "C8_2", 665, -403.54, "T", "SMD", "GND", "GND", "R", 31.106, 21.26, 0, 0, 90],
		[19, "C9_1", 533.54, -490, "T", "SMD", "GND", "GND", "R", 31.106, 21.26, 0, 0, 0],
		[20, "C9_2", 576.46, -490, "T", "SMD", "VOUT-5V", "", "R", 31.106, 21.26, 0, 0, 0],
		[21, "C10_1", 533.54, -530.3503, "T", "SMD", "GND", "GND", "R", 31.106, 21.26, 0, 0, 0],
		[22, "C10_2", 576.46, -530.3503, "T", "SMD", "VOUT-5V", "", "R", 31.106, 21.26, 0, 0, 0],
		[23, "C11_1", 628.54, -490, "T", "SMD", "VOUT-5V", "", "R", 31.106, 21.26, 0, 0, 0],
		[24, "C11_2", 671.46, -490, "T", "SMD", "GND", "GND", "R", 31.106, 21.26, 0, 0, 0],
		[25, "C12_1", 628.54, -528.8265, "T", "SMD", "VOUT-5V", "", "R", 31.106, 21.26, 0, 0, 0],
		[26, "C12_2", 671.46, -528.8265, "T", "SMD", "GND", "GND", "R", 31.106, 21.26, 0, 0, 0],
		[27, "C13_1", 460, -606.46, "T", "SMD", "NC1", "", "R", 31.106, 21.26, 0, 0, 90],
		[28, "C13_2", 460, -563.54, "T", "SMD", "EN1", "", "R", 31.106, 21.26, 0, 0, 90],
		[29, "C14_1", 468.54, -650, "T", "SMD", "GND", "GND", "R", 31.106, 21.26, 0, 0, 0],
		[30, "C14_2", 511.46, -650, "T", "SMD", "VOUT-5V", "", "R", 31.106, 21.26, 0, 0, 0],
		[31, "C15_1", 468.54, -690, "T", "SMD", "GND", "GND", "R", 31.106, 21.26, 0, 0, 0],
		[32, "C15_2", 511.46, -690, "T", "SMD", "VOUT-5V", "", "R", 31.106, 21.26, 0, 0, 0],
		[33, "C16_1", 453.54, -735, "T", "SMD", "GND", "GND", "R", 31.106, 21.26, 0, 0, 0],
		[34, "C16_2", 496.46, -735, "T", "SMD", "VOUT-5V", "", "R", 31.106, 21.26, 0, 0, 0],
		[35, "C17_1", 758.54, -565, "T", "SMD", "GND", "GND", "R", 31.106, 21.26, 0, 0, 0],
		[36, "C17_2", 801.46, -565, "T", "SMD", "OUT", "", "R", 31.106, 21.26, 0, 0, 0],
		[37, "C18_1", 758.54, -605, "T", "SMD", "GND", "GND", "R", 31.106, 21.26, 0, 0, 0],
		[38, "C18_2", 801.46, -605, "T", "SMD", "OUT", "", "R", 31.106, 21.26, 0, 0, 0],
		[39, "C19_1", 543.54, -735, "T", "SMD", "GND", "GND", "R", 31.106, 21.26, 0, 0, 0],
		[40, "C19_2", 586.46, -735, "T", "SMD", "OUT", "", "R", 31.106, 21.26, 0, 0, 0],
		[41, "C20_1", 558.54, -695, "T", "SMD", "GND", "GND", "R", 31.106, 21.26, 0, 0, 0],
		[42, "C20_2", 601.46, -695, "T", "SMD", "OUT", "", "R", 31.106, 21.26, 0, 0, 0],
		[43, "CN1_1", 169.605, -237.09, "T", "SMD", "GND", "GND", "R", 23.622, 66.929, 0, 0, 180],
		[44, "CN1_2", 120.395, -237.09, "T", "SMD", "VCC", "", "R", 23.622, 66.929, 0, 0, 180],
		[45, "CN1_3", 242.435, -122.92, "T", "SMD", "GND", "GND", "R", 39.37, 110.236, 0, 0, 180],
		[46, "CN1_4", 47.555, -122.92, "T", "SMD", "GND", "GND", "R", 39.37, 110.236, 0, 0, 180],
		[47, "CN3_1", 699.205, -257.005, "T", "SMD", "VOUT-5V", "", "R", 23.622, 66.929, 0, 0, 180],
		[48, "CN3_2", 649.995, -257.005, "T", "SMD", "LC", "", "R", 23.622, 66.929, 0, 0, 180],
		[49, "CN3_3", 600.785, -257.005, "T", "SMD", "GND", "GND", "R", 23.622, 66.929, 0, 0, 180],
		[50, "CN3_4", 527.955, -132.995, "T", "SMD", "GND", "GND", "R", 39.37, 110.236, 0, 0, 180],
		[51, "CN3_5", 772.045, -132.995, "T", "SMD", "GND", "GND", "R", 39.37, 110.236, 0, 0, 180],
		[52, "D1_1", 148.3466, -425.3701, "T", "SMD", "VCC", "", "R", 62.9921, 63.78, 0, 0, 0],
		[53, "D1_2", 321.6534, -424.6299, "T", "SMD", "VIN-DC", "", "R", 62.9921, 63.78, 0, 0, 180],
		[54, "D2_1", 148.3466, -320.3701, "T", "SMD", "VCC", "", "R", 62.9921, 63.78, 0, 0, 0],
		[55, "D2_2", 321.6534, -319.6299, "T", "SMD", "VIN-DC", "", "R", 62.9921, 63.78, 0, 0, 180],
		[56, "D3_1", 471.165, -460, "T", "SMD", "EN", "", "R", 33.4646, 29.528, 0, 0, 180],
		[57, "D3_2", 378.835, -460, "T", "SMD", "GND", "GND", "R", 33.4646, 29.528, 0, 0, 180],
		[58, "L1_1", 775, -497.99, "T", "SMD", "SW", "", "R", 62.992, 137.795, 0, 0, 90],
		[59, "L1_2", 775, -372.01, "T", "SMD", "VOUT-5V", "", "R", 62.992, 137.795, 0, 0, 90],
		[60, "R1_1", 45, -462.04, "T", "SMD", "CC2", "", "R", 22.27, 21.26, 0, 0, 90],
		[61, "R1_2", 45, -427.96, "T", "SMD", "GND", "GND", "R", 22.27, 21.26, 0, 0, 90],
		[62, "R2_1", 85, -462.04, "T", "SMD", "GND", "GND", "R", 22.27, 21.26, 0, 0, 90],
		[63, "R2_2", 85, -427.96, "T", "SMD", "CC1", "", "R", 22.27, 21.26, 0, 0, 90],
		[64, "R3_1", 387.96, -365, "T", "SMD", "VIN-DC", "", "R", 22.27, 21.26, 0, 0, 0],
		[65, "R3_2", 422.04, -365, "T", "SMD", "EN", "", "R", 22.27, 21.26, 0, 0, 0],
		[66, "R3_1", 442.96, -215, "T", "SMD", "VCC-M", "", "R", 22.27, 21.26, 0, 0, 0],
		[67, "R3_2", 477.04, -215, "T", "SMD", "PG", "", "R", 22.27, 21.26, 0, 0, 0],
		[68, "R4_1", 402.96, -405, "T", "SMD", "GND", "GND", "R", 22.27, 21.26, 0, 0, 0],
		[69, "R4_2", 437.04, -405, "T", "SMD", "EN", "", "R", 22.27, 21.26, 0, 0, 0],
		[70, "R5_1", 582.96, -350, "T", "SMD", "BST", "", "R", 22.27, 21.26, 0, 0, 0],
		[71, "R5_2", 617.04, -350, "T", "SMD", "0", "", "R", 22.27, 21.26, 0, 0, 0],
		[72, "R6_1", 402.96, -180, "T", "SMD", "FB", "", "R", 22.27, 21.26, 0, 0, 0],
		[73, "R6_2", 437.04, -180, "T", "SMD", "1", "", "R", 22.27, 21.26, 0, 0, 0],
		[74, "R7_1", 402.96, -140, "T", "SMD", "1", "", "R", 22.27, 21.26, 0, 0, 0],
		[75, "R7_2", 437.04, -140, "T", "SMD", "2", "", "R", 22.27, 21.26, 0, 0, 0],
		[76, "R8_1", 475, -117.04, "T", "SMD", "1", "", "R", 22.27, 21.26, 0, 0, 90],
		[77, "R8_2", 475, -82.96, "T", "SMD", "GND", "GND", "R", 22.27, 21.26, 0, 0, 90],
		[78, "R9_1", 475, -147.96, "T", "SMD", "1", "", "R", 22.27, 21.26, 0, 0, 270],
		[79, "R9_2", 475, -182.04, "T", "SMD", "VOUT-5V", "", "R", 22.27, 21.26, 0, 0, 270],
		[80, "R10_1", 587.96, -390, "T", "SMD", "FREQ", "", "R", 22.27, 21.26, 0, 0, 0],
		[81, "R10_2", 622.04, -390, "T", "SMD", "NET_1", "", "R", 22.27, 21.26, 0, 0, 0],
		[82, "R11_1", 587.96, -430, "T", "SMD", "GND", "GND", "R", 22.27, 21.26, 0, 0, 0],
		[83, "R11_2", 622.04, -430, "T", "SMD", "NET_2", "", "R", 22.27, 21.26, 0, 0, 0],
		[84, "R12_1", 550, -427.04, "T", "SMD", "GND", "GND", "R", 22.27, 21.26, 0, 0, 90],
		[85, "R12_2", 550, -392.96, "T", "SMD", "CCM", "", "R", 22.27, 21.26, 0, 0, 90],
		[86, "R13_1", 505, -612.04, "T", "SMD", "VOUT-5V", "", "R", 22.27, 21.26, 0, 0, 90],
		[87, "R13_2", 505, -577.96, "T", "SMD", "EN1", "", "R", 22.27, 21.26, 0, 0, 90],
		[88, "R14_1", 715, -602.04, "T", "SMD", "FB1", "", "R", 22.27, 21.26, 0, 0, 90],
		[89, "R14_2", 715, -567.96, "T", "SMD", "GND", "GND", "R", 22.27, 21.26, 0, 0, 90],
		[90, "R15_1", 642.96, -695, "T", "SMD", "OUT", "", "R", 22.27, 21.26, 0, 0, 0],
		[91, "R15_2", 677.04, -695, "T", "SMD", "FB1", "", "R", 22.27, 21.26, 0, 0, 0],
		[92, "R16_1", 632.96, -735, "T", "SMD", "OUT", "", "R", 22.27, 21.26, 0, 0, 0],
		[93, "R16_2", 667.04, -735, "T", "SMD", "FB1", "", "R", 22.27, 21.26, 0, 0, 0],
		[94, "U1_1", 546.335, -319.76, "T", "SMD", "BST", "", "R", 35.433, 9.843, 0, 0, 180],
		[95, "U1_2", 542.405, -290.24, "T", "SMD", "SW", "", "R", 43.307, 9.843, 0, 0, 180],
		[96, "U1_3", 532.555, -247.91, "T", "SMD", "PG", "", "R", 27.559, 9.843, 0, 0, 270],
		[97, "U1_4", 512.875, -247.91, "T", "SMD", "FB", "", "R", 27.559, 9.843, 0, 0, 270],
		[98, "U1_5", 493.185, -247.91, "T", "SMD", "FREQ", "", "R", 27.559, 9.843, 0, 0, 270],
		[99, "U1_6", 473.505, -247.91, "T", "SMD", "VCC-M", "", "R", 27.559, 9.843, 0, 0, 270],
		[100, "U1_7", 463.665, -288.27, "T", "SMD", "GND", "GND", "R", 43.307, 9.843, 0, 0, 0],
		[101, "U1_8", 463.665, -321.73, "T", "SMD", "VIN-DC", "", "R", 43.307, 9.843, 0, 0, 0],
		[102, "U1_9", 473.505, -362.09, "T", "SMD", "NET_3", "", "R", 27.559, 9.843, 0, 0, 90],
		[103, "U1_10", 493.185, -362.09, "T", "SMD", "NET_4", "", "R", 27.559, 9.843, 0, 0, 90],
		[104, "U1_11", 512.875, -362.09, "T", "SMD", "CCM", "", "R", 27.559, 9.843, 0, 0, 90],
		[105, "U1_12", 532.555, -362.09, "T", "SMD", "EN", "", "R", 27.559, 9.843, 0, 0, 90],
		[106, "U2_1", 673.86, -653.39, "T", "SMD", "OUT", "", "O", 13.78, 33.071, 0, 0, 90],
		[107, "U2_2", 673.86, -627.79, "T", "SMD", "OUT", "", "O", 13.78, 33.071, 0, 0, 90],
		[108, "U2_3", 673.86, -602.2, "T", "SMD", "FB1", "", "O", 13.78, 33.071, 0, 0, 90],
		[109, "U2_4", 673.86, -576.61, "T", "SMD", "GND", "GND", "O", 13.78, 33.071, 0, 0, 90],
		[110, "U2_5", 556.14, -576.61, "T", "SMD", "EN1", "", "O", 13.78, 33.071, 0, 0, 90],
		[111, "U2_6", 556.14, -602.2, "T", "SMD", "NC1", "", "O", 13.78, 33.071, 0, 0, 90],
		[112, "U2_7", 556.14, -627.79, "T", "SMD", "VOUT-5V", "", "O", 13.78, 33.071, 0, 0, 90],
		[113, "U2_8", 556.14, -653.39, "T", "SMD", "VOUT-5V", "", "O", 13.78, 33.071, 0, 0, 90],
		[114, "U2_9", 615, -615, "T", "SMD", "GND", "GND", "R", 94.488, 62.992, 0, 0, 90],
		[115, "U2_1", 897.72, -357.52, "T", "SMD", "GND", "GND", "R", 15.748, 31.496, 0, 0, 90],
		[116, "U2_2", 897.72, -389.02, "T", "SMD", "GND", "GND", "R", 15.748, 31.496, 0, 0, 90],
		[117, "U2_3", 897.72, -420.51, "T", "SMD", "OUT", "", "R", 15.748, 31.496, 0, 0, 90],
		[118, "U2_4", 897.72, -452.01, "T", "SMD", "NET_5", "", "R", 15.748, 31.496, 0, 0, 90],
		[119, "U2_5", 897.72, -483.5, "T", "SMD", "NET_6", "", "R", 15.748, 31.496, 0, 0, 90],
		[120, "U2_6", 897.72, -515, "T", "SMD", "NET_7", "", "R", 15.748, 31.496, 0, 0, 90],
		[121, "U2_7", 897.72, -546.5, "T", "SMD", "NET_8", "", "R", 15.748, 31.496, 0, 0, 90],
		[122, "U2_8", 897.72, -577.99, "T", "SMD", "OUT", "", "R", 15.748, 31.496, 0, 0, 90],
		[123, "U2_9", 897.72, -609.49, "T", "SMD", "NET_9", "", "R", 15.748, 31.496, 0, 0, 90],
		[124, "U2_10", 897.72, -640.98, "T", "SMD", "NET_10", "", "R", 15.748, 31.496, 0, 0, 90],
		[125, "U2_11", 897.72, -672.48, "T", "SMD", "NET_11", "", "R", 15.748, 31.496, 0, 0, 90],
		[126, "U2_12", 941.02, -707.91, "T", "SMD", "NET_12", "", "R", 15.748, 31.496, 0, 0, 180],
		[127, "U2_13", 972.52, -707.91, "T", "SMD", "NET_13", "", "R", 15.748, 31.496, 0, 0, 180],
		[128, "U2_14", 1004.02, -707.91, "T", "SMD", "NET_14", "", "R", 15.748, 31.496, 0, 0, 180],
		[129, "U2_15", 1035.51, -707.91, "T", "SMD", "NET_15", "", "R", 15.748, 31.496, 0, 0, 180],
		[130, "U2_16", 1067.01, -707.91, "T", "SMD", "NET_16", "", "R", 15.748, 31.496, 0, 0, 180],
		[131, "U2_17", 1098.5, -707.91, "T", "SMD", "NET_17", "", "R", 15.748, 31.496, 0, 0, 180],
		[132, "U2_18", 1130, -707.91, "T", "SMD", "NET_18", "", "R", 15.748, 31.496, 0, 0, 180],
		[133, "U2_19", 1161.5, -707.91, "T", "SMD", "NET_19", "", "R", 15.748, 31.496, 0, 0, 180],
		[134, "U2_20", 1192.99, -707.91, "T", "SMD", "NET_20", "", "R", 15.748, 31.496, 0, 0, 180],
		[135, "U2_21", 1224.49, -707.91, "T", "SMD", "NET_21", "", "R", 15.748, 31.496, 0, 0, 180],
		[136, "U2_22", 1255.98, -707.91, "T", "SMD", "LC", "", "R", 15.748, 31.496, 0, 0, 180],
		[137, "U2_23", 1287.48, -707.91, "T", "SMD", "NET_22", "", "R", 15.748, 31.496, 0, 0, 180],
		[138, "U2_24", 1318.98, -707.91, "T", "SMD", "NET_23", "", "R", 15.748, 31.496, 0, 0, 180],
		[139, "U2_25", 1362.28, -672.48, "T", "SMD", "NET_24", "", "R", 15.748, 31.496, 0, 0, 270],
		[140, "U2_26", 1362.28, -640.98, "T", "SMD", "DATA-", "", "R", 15.748, 31.496, 0, 0, 270],
		[141, "U2_27", 1362.28, -609.49, "T", "SMD", "DATA+", "", "R", 15.748, 31.496, 0, 0, 270],
		[142, "U2_28", 1362.28, -577.99, "T", "SMD", "NET_25", "", "R", 15.748, 31.496, 0, 0, 270],
		[143, "U2_29", 1362.28, -546.5, "T", "SMD", "NET_26", "", "R", 15.748, 31.496, 0, 0, 270],
		[144, "U2_30", 1362.28, -515, "T", "SMD", "NET_27", "", "R", 15.748, 31.496, 0, 0, 270],
		[145, "U2_31", 1362.28, -483.5, "T", "SMD", "NET_28", "", "R", 15.748, 31.496, 0, 0, 270],
		[146, "U2_32", 1362.28, -452.01, "T", "SMD", "NET_29", "", "R", 15.748, 31.496, 0, 0, 270],
		[147, "U2_33", 1362.28, -420.51, "T", "SMD", "NET_30", "", "R", 15.748, 31.496, 0, 0, 270],
		[148, "U2_34", 1362.28, -389.02, "T", "SMD", "NET_31", "", "R", 15.748, 31.496, 0, 0, 270],
		[149, "U2_35", 1362.28, -357.52, "T", "SMD", "NET_32", "", "R", 15.748, 31.496, 0, 0, 270],
		[150, "U2_36", 1318.98, -322.09, "T", "SMD", "GND", "GND", "R", 15.748, 31.496, 0, 0, 0],
		[151, "U2_37", 1287.48, -322.09, "T", "SMD", "GND", "GND", "R", 15.748, 31.496, 0, 0, 0],
		[152, "U2_38", 1255.98, -322.09, "T", "SMD", "GND", "GND", "R", 15.748, 31.496, 0, 0, 0],
		[153, "U2_39", 1224.49, -322.09, "T", "SMD", "GND", "GND", "R", 15.748, 31.496, 0, 0, 0],
		[154, "U2_40", 1192.99, -322.09, "T", "SMD", "GND", "GND", "R", 15.748, 31.496, 0, 0, 0],
		[155, "U2_41", 1161.5, -322.09, "T", "SMD", "GND", "GND", "R", 15.748, 31.496, 0, 0, 0],
		[156, "U2_42", 1130, -322.09, "T", "SMD", "GND", "GND", "R", 15.748, 31.496, 0, 0, 0],
		[157, "U2_43", 1098.5, -322.09, "T", "SMD", "GND", "GND", "R", 15.748, 31.496, 0, 0, 0],
		[158, "U2_44", 1067.01, -322.09, "T", "SMD", "GND", "GND", "R", 15.748, 31.496, 0, 0, 0],
		[159, "U2_45", 1035.51, -322.09, "T", "SMD", "GND", "GND", "R", 15.748, 31.496, 0, 0, 0],
		[160, "U2_46", 1004.02, -322.09, "T", "SMD", "GND", "GND", "R", 15.748, 31.496, 0, 0, 0],
		[161, "U2_47", 972.52, -322.09, "T", "SMD", "GND", "GND", "R", 15.748, 31.496, 0, 0, 0],
		[162, "U2_48", 941.02, -322.09, "T", "SMD", "GND", "GND", "R", 15.748, 31.496, 0, 0, 0],
		[163, "U2_49", 1052.24, -437.24, "T", "SMD", "GND", "GND", "P", 57.086, 57.086, 0, 0, 0],
		[164, "U2_49", 1207.75, -592.76, "T", "SMD", "GND", "GND", "R", 57.087, 57.087, 0, 0, 0],
		[165, "U2_49", 1130, -592.76, "T", "SMD", "GND", "GND", "R", 57.087, 57.087, 0, 0, 0],
		[166, "U2_49", 1052.24, -592.76, "T", "SMD", "GND", "GND", "R", 57.087, 57.087, 0, 0, 0],
		[167, "U2_49", 1052.24, -515, "T", "SMD", "GND", "GND", "R", 57.087, 57.087, 0, 0, 0],
		[168, "U2_49", 1130, -437.25, "T", "SMD", "GND", "GND", "R", 57.087, 57.087, 0, 0, 0],
		[169, "U2_49", 1207.75, -437.25, "T", "SMD", "GND", "GND", "R", 57.087, 57.087, 0, 0, 0],
		[170, "U2_49", 1207.75, -515, "T", "SMD", "GND", "GND", "R", 57.087, 57.087, 0, 0, 0],
		[171, "U2_49", 1130, -515, "T", "SMD", "GND", "GND", "R", 57.087, 57.087, 0, 0, 0],
		[172, "U2_50", 1364.25, -320.12, "T", "SMD", "GND", "GND", "R", 27.559, 27.559, 0, 0, 0],
		[173, "U2_51", 1364.25, -709.88, "T", "SMD", "GND", "GND", "R", 27.559, 27.559, 0, 0, 0],
		[174, "U2_52", 895.75, -709.88, "T", "SMD", "GND", "GND", "R", 27.559, 27.559, 0, 0, 0],
		[175, "U2_53", 895.75, -320.12, "T", "SMD", "GND", "GND", "R", 27.559, 27.559, 0, 0, 0],
		[176, "USB1_1", 109.015, -516.495, "T", "SMD", "GND", "GND", "R", 21.654, 43.307, 0, 0, 0],
		[177, "USB1_2", 140.515, -516.495, "T", "SMD", "VCC", "", "R", 21.654, 43.307, 0, 0, 0],
		[178, "USB1_3", 166.105, -516.495, "T", "SMD", "SWDIO", "", "R", 11.811, 43.307, 0, 0, 0],
		[179, "USB1_4", 185.795, -516.495, "T", "SMD", "CC1", "", "R", 11.811, 43.307, 0, 0, 0],
		[180, "USB1_5", 205.475, -516.495, "T", "SMD", "DATA-", "", "R", 11.811, 43.307, 0, 0, 0],
		[181, "USB1_6", 225.155, -516.495, "T", "SMD", "DATA+", "", "R", 11.811, 43.307, 0, 0, 0],
		[182, "USB1_7", 244.845, -516.495, "T", "SMD", "DATA-", "", "R", 11.811, 43.307, 0, 0, 0],
		[183, "USB1_8", 264.525, -516.495, "T", "SMD", "DATA+", "", "R", 11.811, 43.307, 0, 0, 0],
		[184, "USB1_9", 284.215, -516.495, "T", "SMD", "SWCLK", "", "R", 11.811, 43.307, 0, 0, 0],
		[185, "USB1_10", 303.905, -516.495, "T", "SMD", "CC2", "", "R", 11.811, 43.307, 0, 0, 0],
		[186, "USB1_11", 329.495, -516.495, "T", "SMD", "VCC", "", "R", 21.654, 43.307, 0, 0, 0],
		[187, "USB1_12", 360.985, -516.495, "T", "SMD", "GND", "GND", "R", 21.654, 43.307, 0, 0, 0],
		[188, "USB1_13", 64.725, -538.145, "T", "DIP", "GND", "GND", "O", 43.307, 78.74, 23.622, 59.055, 0],
		[189, "USB1_13", 64.725, -538.145, "B", "DIP", "GND", "GND", "O", 43.307, 78.74, 23.622, 59.055, 0],
		[190, "USB1_13", 64.725, -703.505, "T", "DIP", "GND", "GND", "O", 47.244, 70.866, 23.622, 47.244, 0],
		[191, "USB1_13", 64.725, -703.505, "B", "DIP", "GND", "GND", "O", 47.244, 70.866, 23.622, 47.244, 0],
		[192, "USB1_14", 405.275, -538.145, "T", "DIP", "GND", "GND", "O", 43.307, 78.74, 23.622, 59.056, 0],
		[193, "USB1_14", 405.275, -538.145, "B", "DIP", "GND", "GND", "O", 43.307, 78.74, 23.622, 59.056, 0],
		[194, "USB1_14", 405.275, -703.505, "T", "DIP", "GND", "GND", "O", 47.244, 70.866, 23.622, 47.244, 0],
		[195, "USB1_14", 405.275, -703.505, "B", "DIP", "GND", "GND", "O", 47.244, 70.866, 23.622, 47.244, 0],
		[196, "PAD1_1", 109.015, -516.495, "T", "SMD", "GND", "GND", "R", 21.654, 43.307, 0, 0, 0],
		[197, "PAD2_2", 140.515, -516.495, "T", "SMD", "VCC", "", "R", 21.654, 43.307, 0, 0, 0],
		[198, "PAD3_3", 166.105, -516.495, "T", "SMD", "SWDIO", "", "R", 11.811, 43.307, 0, 0, 0],
		[199, "PAD4_4", 185.795, -516.495, "T", "SMD", "CC1", "", "R", 11.811, 43.307, 0, 0, 0],
		[200, "PAD5_5", 205.475, -516.495, "T", "SMD", "DATA-", "", "R", 11.811, 43.307, 0, 0, 0],
		[201, "PAD6_6", 225.155, -516.495, "T", "SMD", "DATA+", "", "R", 11.811, 43.307, 0, 0, 0],
		[202, "PAD7_7", 244.845, -516.495, "T", "SMD", "DATA-", "", "R", 11.811, 43.307, 0, 0, 0],
		[203, "PAD8_8", 264.525, -516.495, "T", "SMD", "DATA+", "", "R", 11.811, 43.307, 0, 0, 0],
		[204, "PAD9_9", 284.215, -516.495, "T", "SMD", "SWCLK", "", "R", 11.811, 43.307, 0, 0, 0],
		[205, "PAD10_10", 303.905, -516.495, "T", "SMD", "CC2", "", "R", 11.811, 43.307, 0, 0, 0],
		[206, "PAD11_11", 329.495, -516.495, "T", "SMD", "VCC", "", "R", 21.654, 43.307, 0, 0, 0],
		[207, "PAD12_12", 360.985, -516.495, "T", "SMD", "GND", "GND", "R", 21.654, 43.307, 0, 0, 0],
		[208, "PAD13_13", 64.725, -538.145, "T", "DIP", "GND", "GND", "O", 43.307, 78.74, 23.622, 59.055, 0],
		[209, "PAD13_13", 64.725, -538.145, "B", "DIP", "GND", "GND", "O", 43.307, 78.74, 23.622, 59.055, 0],
		[210, "PAD14_14", 405.275, -538.145, "T", "DIP", "GND", "GND", "O", 43.307, 78.74, 23.622, 59.056, 0],
		[211, "PAD14_14", 405.275, -538.145, "B", "DIP", "GND", "GND", "O", 43.307, 78.74, 23.622, 59.056, 0],
		[212, "PAD15_13", 64.725, -703.505, "T", "DIP", "GND", "GND", "O", 47.244, 70.866, 23.622, 47.244, 0],
		[213, "PAD15_13", 64.725, -703.505, "B", "DIP", "GND", "GND", "O", 47.244, 70.866, 23.622, 47.244, 0],
		[214, "PAD16_14", 405.275, -703.505, "T", "DIP", "GND", "GND", "O", 47.244, 70.866, 23.622, 47.244, 0],
		[215, "PAD16_14", 405.275, -703.505, "B", "DIP", "GND", "GND", "O", 47.244, 70.866, 23.622, 47.244, 0],
		[216, "PAD17_1", 148.3466, -425.3701, "T", "SMD", "VCC", "", "R", 62.9921, 63.78, 0, 0, 0],
		[217, "PAD18_2", 321.6534, -424.6299, "T", "SMD", "VIN-DC", "", "R", 62.9921, 63.78, 0, 0, 180],
		[218, "PAD19_1", 148.3466, -320.3701, "T", "SMD", "VCC", "", "R", 62.9921, 63.78, 0, 0, 0],
		[219, "PAD20_2", 321.6534, -319.6299, "T", "SMD", "VIN-DC", "", "R", 62.9921, 63.78, 0, 0, 180],
		[220, "PAD21_2", 45, -427.96, "T", "SMD", "GND", "GND", "R", 22.27, 21.26, 0, 0, 90],
		[221, "PAD22_1", 45, -462.04, "T", "SMD", "CC2", "", "R", 22.27, 21.26, 0, 0, 90],
		[222, "PAD23_2", 85, -427.96, "T", "SMD", "CC1", "", "R", 22.27, 21.26, 0, 0, 90],
		[223, "PAD24_1", 85, -462.04, "T", "SMD", "GND", "GND", "R", 22.27, 21.26, 0, 0, 90],
		[224, "PAD25_2", 55, -347.56, "T", "SMD", "GND", "GND", "R", 31.496, 35.433, 0, 0, 270],
		[225, "PAD26_1", 55, -292.44, "T", "SMD", "VIN-DC", "", "R", 31.496, 35.433, 0, 0, 270],
		[226, "PAD27_1", 169.605, -237.09, "T", "SMD", "GND", "GND", "R", 23.622, 66.929, 0, 0, 180],
		[227, "PAD28_2", 120.395, -237.09, "T", "SMD", "VCC", "", "R", 23.622, 66.929, 0, 0, 180],
		[228, "PAD29_3", 242.435, -122.92, "T", "SMD", "GND", "GND", "R", 39.37, 110.236, 0, 0, 180],
		[229, "PAD30_4", 47.555, -122.92, "T", "SMD", "GND", "GND", "R", 39.37, 110.236, 0, 0, 180],
		[230, "PAD31_2", 305, -145.63, "T", "SMD", "GND", "GND", "R", 55.512, 53.15, 0, 0, 90],
		[231, "PAD32_1", 305, -224.37, "T", "SMD", "VIN-DC", "", "R", 55.512, 53.15, 0, 0, 90],
		[232, "PAD33_2", 336.46, -85, "T", "SMD", "VIN-DC", "", "R", 31.106, 21.26, 0, 0, 0],
		[233, "PAD34_1", 293.54, -85, "T", "SMD", "GND", "GND", "R", 31.106, 21.26, 0, 0, 0],
		[234, "PAD35_2", 390, -237.44, "T", "SMD", "GND", "GND", "R", 31.496, 35.433, 0, 0, 90],
		[235, "PAD36_1", 390, -292.56, "T", "SMD", "VIN-DC", "", "R", 31.496, 35.433, 0, 0, 90],
		[236, "PAD37_2", 360, -176.46, "T", "SMD", "GND", "GND", "R", 31.106, 21.26, 0, 0, 270],
		[237, "PAD38_1", 360, -133.54, "T", "SMD", "VIN-DC", "", "R", 31.106, 21.26, 0, 0, 270],
		[238, "PAD39_12", 532.555, -362.09, "T", "SMD", "EN", "", "R", 27.559, 9.843, 0, 0, 90],
		[239, "PAD40_11", 512.875, -362.09, "T", "SMD", "CCM", "", "R", 27.559, 9.843, 0, 0, 90],
		[240, "PAD41_8", 463.665, -321.73, "T", "SMD", "VIN-DC", "", "R", 43.307, 9.843, 0, 0, 0],
		[241, "PAD42_7", 463.665, -288.27, "T", "SMD", "GND", "GND", "R", 43.307, 9.843, 0, 0, 0],
		[242, "PAD43_6", 473.505, -247.91, "T", "SMD", "VCC-M", "", "R", 27.559, 9.843, 0, 0, 270],
		[243, "PAD44_5", 493.185, -247.91, "T", "SMD", "FREQ", "", "R", 27.559, 9.843, 0, 0, 270],
		[244, "PAD45_4", 512.875, -247.91, "T", "SMD", "FB", "", "R", 27.559, 9.843, 0, 0, 270],
		[245, "PAD46_3", 532.555, -247.91, "T", "SMD", "PG", "", "R", 27.559, 9.843, 0, 0, 270],
		[246, "PAD47_2", 542.405, -290.24, "T", "SMD", "SW", "", "R", 43.307, 9.843, 0, 0, 180],
		[247, "PAD48_1", 546.335, -319.76, "T", "SMD", "BST", "", "R", 35.433, 9.843, 0, 0, 180],
		[248, "PAD49_2", 422.04, -365, "T", "SMD", "EN", "", "R", 22.27, 21.26, 0, 0, 0],
		[249, "PAD50_1", 387.96, -365, "T", "SMD", "VIN-DC", "", "R", 22.27, 21.26, 0, 0, 0],
		[250, "PAD51_2", 477.04, -215, "T", "SMD", "PG", "", "R", 22.27, 21.26, 0, 0, 0],
		[251, "PAD52_1", 442.96, -215, "T", "SMD", "VCC-M", "", "R", 22.27, 21.26, 0, 0, 0],
		[252, "PAD53_2", 437.04, -405, "T", "SMD", "EN", "", "R", 22.27, 21.26, 0, 0, 0],
		[253, "PAD54_1", 402.96, -405, "T", "SMD", "GND", "GND", "R", 22.27, 21.26, 0, 0, 0],
		[254, "PAD55_2", 510, -408.54, "T", "SMD", "VCC-M", "", "R", 31.106, 21.26, 0, 0, 90],
		[255, "PAD56_1", 510, -451.46, "T", "SMD", "GND", "GND", "R", 31.106, 21.26, 0, 0, 90],
		[256, "PAD57_2", 617.04, -350, "T", "SMD", "0", "", "R", 22.27, 21.26, 0, 0, 0],
		[257, "PAD58_1", 582.96, -350, "T", "SMD", "BST", "", "R", 22.27, 21.26, 0, 0, 0],
		[258, "PAD59_2", 631.46, -305, "T", "SMD", "0", "", "R", 31.106, 21.26, 0, 0, 0],
		[259, "PAD60_1", 588.54, -305, "T", "SMD", "SW", "", "R", 31.106, 21.26, 0, 0, 0],
		[260, "PAD61_2", 775, -372.01, "T", "SMD", "VOUT-5V", "", "R", 62.992, 137.795, 0, 0, 90],
		[261, "PAD62_1", 775, -497.99, "T", "SMD", "SW", "", "R", 62.992, 137.795, 0, 0, 90],
		[262, "PAD63_2", 437.04, -180, "T", "SMD", "1", "", "R", 22.27, 21.26, 0, 0, 0],
		[263, "PAD64_1", 402.96, -180, "T", "SMD", "FB", "", "R", 22.27, 21.26, 0, 0, 0],
		[264, "PAD65_2", 437.04, -140, "T", "SMD", "2", "", "R", 22.27, 21.26, 0, 0, 0],
		[265, "PAD66_1", 402.96, -140, "T", "SMD", "1", "", "R", 22.27, 21.26, 0, 0, 0],
		[266, "PAD67_2", 426.46, -85, "T", "SMD", "2", "", "R", 31.106, 21.26, 0, 0, 0],
		[267, "PAD68_1", 383.54, -85, "T", "SMD", "1", "", "R", 31.106, 21.26, 0, 0, 0],
		[268, "PAD69_2", 475, -82.96, "T", "SMD", "GND", "GND", "R", 22.27, 21.26, 0, 0, 90],
		[269, "PAD70_1", 475, -117.04, "T", "SMD", "1", "", "R", 22.27, 21.26, 0, 0, 90],
		[270, "PAD71_2", 475, -182.04, "T", "SMD", "VOUT-5V", "", "R", 22.27, 21.26, 0, 0, 270],
		[271, "PAD72_1", 475, -147.96, "T", "SMD", "1", "", "R", 22.27, 21.26, 0, 0, 270],
		[272, "PAD73_2", 665, -403.54, "T", "SMD", "GND", "GND", "R", 31.106, 21.26, 0, 0, 90],
		[273, "PAD74_1", 665, -446.46, "T", "SMD", "VOUT-5V", "", "R", 31.106, 21.26, 0, 0, 90],
		[274, "PAD75_2", 576.46, -490, "T", "SMD", "VOUT-5V", "", "R", 31.106, 21.26, 0, 0, 0],
		[275, "PAD76_1", 533.54, -490, "T", "SMD", "GND", "GND", "R", 31.106, 21.26, 0, 0, 0],
		[276, "PAD77_2", 576.46, -530.3503, "T", "SMD", "VOUT-5V", "", "R", 31.106, 21.26, 0, 0, 0],
		[277, "PAD78_1", 533.54, -530.3503, "T", "SMD", "GND", "GND", "R", 31.106, 21.26, 0, 0, 0],
		[278, "PAD79_2", 671.46, -490, "T", "SMD", "GND", "GND", "R", 31.106, 21.26, 0, 0, 0],
		[279, "PAD80_1", 628.54, -490, "T", "SMD", "VOUT-5V", "", "R", 31.106, 21.26, 0, 0, 0],
		[280, "PAD81_2", 671.46, -528.8265, "T", "SMD", "GND", "GND", "R", 31.106, 21.26, 0, 0, 0],
		[281, "PAD82_1", 628.54, -528.8265, "T", "SMD", "VOUT-5V", "", "R", 31.106, 21.26, 0, 0, 0],
		[282, "PAD83_1", 587.96, -390, "T", "SMD", "FREQ", "", "R", 22.27, 21.26, 0, 0, 0],
		[283, "PAD84_1", 587.96, -430, "T", "SMD", "GND", "GND", "R", 22.27, 21.26, 0, 0, 0],
		[284, "PAD85_2", 550, -392.96, "T", "SMD", "CCM", "", "R", 22.27, 21.26, 0, 0, 90],
		[285, "PAD86_1", 550, -427.04, "T", "SMD", "GND", "GND", "R", 22.27, 21.26, 0, 0, 90],
		[286, "PAD87_1", 673.86, -653.39, "T", "SMD", "OUT", "", "O", 13.78, 33.071, 0, 0, 90],
		[287, "PAD88_2", 673.86, -627.79, "T", "SMD", "OUT", "", "O", 13.78, 33.071, 0, 0, 90],
		[288, "PAD89_3", 673.86, -602.2, "T", "SMD", "FB1", "", "O", 13.78, 33.071, 0, 0, 90],
		[289, "PAD90_4", 673.86, -576.61, "T", "SMD", "GND", "GND", "O", 13.78, 33.071, 0, 0, 90],
		[290, "PAD91_5", 556.14, -576.61, "T", "SMD", "EN1", "", "O", 13.78, 33.071, 0, 0, 90],
		[291, "PAD92_6", 556.14, -602.2, "T", "SMD", "NC1", "", "O", 13.78, 33.071, 0, 0, 90],
		[292, "PAD93_7", 556.14, -627.79, "T", "SMD", "VOUT-5V", "", "O", 13.78, 33.071, 0, 0, 90],
		[293, "PAD94_8", 556.14, -653.39, "T", "SMD", "VOUT-5V", "", "O", 13.78, 33.071, 0, 0, 90],
		[294, "PAD95_9", 615, -615, "T", "SMD", "GND", "GND", "R", 94.488, 62.992, 0, 0, 90],
		[295, "PAD96_2", 460, -563.54, "T", "SMD", "EN1", "", "R", 31.106, 21.26, 0, 0, 90],
		[296, "PAD97_1", 460, -606.46, "T", "SMD", "NC1", "", "R", 31.106, 21.26, 0, 0, 90],
		[297, "PAD98_2", 505, -577.96, "T", "SMD", "EN1", "", "R", 22.27, 21.26, 0, 0, 90],
		[298, "PAD99_1", 505, -612.04, "T", "SMD", "VOUT-5V", "", "R", 22.27, 21.26, 0, 0, 90],
		[299, "PAD100_2", 511.46, -650, "T", "SMD", "VOUT-5V", "", "R", 31.106, 21.26, 0, 0, 0],
		[300, "PAD101_1", 468.54, -650, "T", "SMD", "GND", "GND", "R", 31.106, 21.26, 0, 0, 0],
		[301, "PAD102_2", 511.46, -690, "T", "SMD", "VOUT-5V", "", "R", 31.106, 21.26, 0, 0, 0],
		[302, "PAD103_1", 468.54, -690, "T", "SMD", "GND", "GND", "R", 31.106, 21.26, 0, 0, 0],
		[303, "PAD104_2", 496.46, -735, "T", "SMD", "VOUT-5V", "", "R", 31.106, 21.26, 0, 0, 0],
		[304, "PAD105_1", 453.54, -735, "T", "SMD", "GND", "GND", "R", 31.106, 21.26, 0, 0, 0],
		[305, "PAD106_2", 715, -567.96, "T", "SMD", "GND", "GND", "R", 22.27, 21.26, 0, 0, 90],
		[306, "PAD107_1", 715, -602.04, "T", "SMD", "FB1", "", "R", 22.27, 21.26, 0, 0, 90],
		[307, "PAD108_2", 677.04, -695, "T", "SMD", "FB1", "", "R", 22.27, 21.26, 0, 0, 0],
		[308, "PAD109_1", 642.96, -695, "T", "SMD", "OUT", "", "R", 22.27, 21.26, 0, 0, 0],
		[309, "PAD110_2", 667.04, -735, "T", "SMD", "FB1", "", "R", 22.27, 21.26, 0, 0, 0],
		[310, "PAD111_1", 632.96, -735, "T", "SMD", "OUT", "", "R", 22.27, 21.26, 0, 0, 0],
		[311, "PAD112_2", 801.46, -565, "T", "SMD", "OUT", "", "R", 31.106, 21.26, 0, 0, 0],
		[312, "PAD113_1", 758.54, -565, "T", "SMD", "GND", "GND", "R", 31.106, 21.26, 0, 0, 0],
		[313, "PAD114_2", 801.46, -605, "T", "SMD", "OUT", "", "R", 31.106, 21.26, 0, 0, 0],
		[314, "PAD115_1", 758.54, -605, "T", "SMD", "GND", "GND", "R", 31.106, 21.26, 0, 0, 0],
		[315, "PAD116_2", 586.46, -735, "T", "SMD", "OUT", "", "R", 31.106, 21.26, 0, 0, 0],
		[316, "PAD117_1", 543.54, -735, "T", "SMD", "GND", "GND", "R", 31.106, 21.26, 0, 0, 0],
		[317, "PAD118_2", 601.46, -695, "T", "SMD", "OUT", "", "R", 31.106, 21.26, 0, 0, 0],
		[318, "PAD119_1", 558.54, -695, "T", "SMD", "GND", "GND", "R", 31.106, 21.26, 0, 0, 0],
		[319, "PAD120_1", 897.72, -357.52, "T", "SMD", "GND", "GND", "R", 15.748, 31.496, 0, 0, 90],
		[320, "PAD121_2", 897.72, -389.02, "T", "SMD", "GND", "GND", "R", 15.748, 31.496, 0, 0, 90],
		[321, "PAD122_3", 897.72, -420.51, "T", "SMD", "OUT", "", "R", 15.748, 31.496, 0, 0, 90],
		[322, "PAD123_8", 897.72, -577.99, "T", "SMD", "OUT", "", "R", 15.748, 31.496, 0, 0, 90],
		[323, "PAD124_22", 1255.98, -707.91, "T", "SMD", "LC", "", "R", 15.748, 31.496, 0, 0, 180],
		[324, "PAD125_26", 1362.28, -640.98, "T", "SMD", "DATA-", "", "R", 15.748, 31.496, 0, 0, 270],
		[325, "PAD126_27", 1362.28, -609.49, "T", "SMD", "DATA+", "", "R", 15.748, 31.496, 0, 0, 270],
		[326, "PAD127_36", 1318.98, -322.09, "T", "SMD", "GND", "GND", "R", 15.748, 31.496, 0, 0, 0],
		[327, "PAD128_37", 1287.48, -322.09, "T", "SMD", "GND", "GND", "R", 15.748, 31.496, 0, 0, 0],
		[328, "PAD129_38", 1255.98, -322.09, "T", "SMD", "GND", "GND", "R", 15.748, 31.496, 0, 0, 0],
		[329, "PAD130_39", 1224.49, -322.09, "T", "SMD", "GND", "GND", "R", 15.748, 31.496, 0, 0, 0],
		[330, "PAD131_40", 1192.99, -322.09, "T", "SMD", "GND", "GND", "R", 15.748, 31.496, 0, 0, 0],
		[331, "PAD132_41", 1161.5, -322.09, "T", "SMD", "GND", "GND", "R", 15.748, 31.496, 0, 0, 0],
		[332, "PAD133_42", 1130, -322.09, "T", "SMD", "GND", "GND", "R", 15.748, 31.496, 0, 0, 0],
		[333, "PAD134_43", 1098.5, -322.09, "T", "SMD", "GND", "GND", "R", 15.748, 31.496, 0, 0, 0],
		[334, "PAD135_44", 1067.01, -322.09, "T", "SMD", "GND", "GND", "R", 15.748, 31.496, 0, 0, 0],
		[335, "PAD136_45", 1035.51, -322.09, "T", "SMD", "GND", "GND", "R", 15.748, 31.496, 0, 0, 0],
		[336, "PAD137_46", 1004.02, -322.09, "T", "SMD", "GND", "GND", "R", 15.748, 31.496, 0, 0, 0],
		[337, "PAD138_47", 972.52, -322.09, "T", "SMD", "GND", "GND", "R", 15.748, 31.496, 0, 0, 0],
		[338, "PAD139_48", 941.02, -322.09, "T", "SMD", "GND", "GND", "R", 15.748, 31.496, 0, 0, 0],
		[339, "PAD140_50", 1364.25, -320.12, "T", "SMD", "GND", "GND", "R", 27.559, 27.559, 0, 0, 0],
		[340, "PAD141_51", 1364.25, -709.88, "T", "SMD", "GND", "GND", "R", 27.559, 27.559, 0, 0, 0],
		[341, "PAD142_52", 895.75, -709.88, "T", "SMD", "GND", "GND", "R", 27.559, 27.559, 0, 0, 0],
		[342, "PAD143_53", 895.75, -320.12, "T", "SMD", "GND", "GND", "R", 27.559, 27.559, 0, 0, 0],
		[343, "PAD144_49", 1052.24, -437.24, "T", "SMD", "GND", "GND", "P", 57.086, 57.086, 0, 0, 0],
		[344, "PAD145_49", 1207.75, -592.76, "T", "SMD", "GND", "GND", "R", 57.087, 57.087, 0, 0, 0],
		[345, "PAD146_49", 1130, -592.76, "T", "SMD", "GND", "GND", "R", 57.087, 57.087, 0, 0, 0],
		[346, "PAD147_49", 1052.24, -592.76, "T", "SMD", "GND", "GND", "R", 57.087, 57.087, 0, 0, 0],
		[347, "PAD148_49", 1052.24, -515, "T", "SMD", "GND", "GND", "R", 57.087, 57.087, 0, 0, 0],
		[348, "PAD149_49", 1130, -437.25, "T", "SMD", "GND", "GND", "R", 57.087, 57.087, 0, 0, 0],
		[349, "PAD150_49", 1207.75, -437.25, "T", "SMD", "GND", "GND", "R", 57.087, 57.087, 0, 0, 0],
		[350, "PAD151_49", 1207.75, -515, "T", "SMD", "GND", "GND", "R", 57.087, 57.087, 0, 0, 0],
		[351, "PAD152_49", 1130, -515, "T", "SMD", "GND", "GND", "R", 57.087, 57.087, 0, 0, 0],
		[352, "PAD153_2", 378.835, -460, "T", "SMD", "GND", "GND", "R", 33.4646, 29.528, 0, 0, 180],
		[353, "PAD154_1", 471.165, -460, "T", "SMD", "EN", "", "R", 33.4646, 29.528, 0, 0, 180],
		[354, "PAD155_1", 699.205, -257.005, "T", "SMD", "VOUT-5V", "", "R", 23.622, 66.929, 0, 0, 180],
		[355, "PAD156_2", 649.995, -257.005, "T", "SMD", "LC", "", "R", 23.622, 66.929, 0, 0, 180],
		[356, "PAD157_3", 600.785, -257.005, "T", "SMD", "GND", "GND", "R", 23.622, 66.929, 0, 0, 180],
		[357, "PAD158_5", 772.045, -132.995, "T", "SMD", "GND", "GND", "R", 39.37, 110.236, 0, 0, 180],
		[358, "PAD159_4", 527.955, -132.995, "T", "SMD", "GND", "GND", "R", 39.37, 110.236, 0, 0, 180]
	]
}
}